Date,AGG,BND,BSV,GLD,IGSB,LQD,MBB,SHV,SHY,SPY
2017-03-05,-0.005804006456632926,-0.005202747960623033,-0.0019463313158505358,-0.014425909795746317,-0.0010087050261912145,-0.006418015717649106,-0.006363527432794225,-0.0003260272602297887,-0.0016103754268895765,0.008246237661841294
2017-03-12,-0.0057451144853973846,-0.005948756636473762,-0.0017617406129828428,-0.023742668043023718,-0.0015235476075101673,-0.012680894944870569,-0.004250955478262597,-9.061625850159682e-05,-0.0004739310342438685,-0.0030617772699212953
2017-03-19,0.005498535116943648,0.004612751743332533,0.0020168197099714735,0.01978727762851018,0.001525871672875212,0.0069819771067063385,0.004838058397258038,1.9185932842447073e-09,0.001067521581019415,0.0015615131057662435
2017-03-26,0.0043564162860318945,0.004963994995629273,0.001635253365859679,0.015984295677082372,0.0014285964128959439,0.00770435234843414,0.004343117088490667,-8.208359991712655e-09,0.0013035892428983065,-0.01337383602314457
2017-04-02,0.001199781393964594,0.0012347903514857705,0.0011302645980761916,-0.001177850226207977,0.0006654850728591288,0.001614040477591283,0.0015980869134362141,0.0005435919822913693,0.00035525280922321656,0.008039124412386967
2017-04-09,0.0015887340269924444,0.0015324380633541246,0.00027630203284956245,0.006233136051260857,-0.0002282633206476259,0.001598792435296037,0.0005264778376523616,-0.00038986902382731614,-0.0004973308268276799,-0.0022906462551883777
2017-04-16,0.007653813064095738,0.008022233563044434,0.0031393612570382867,0.026284943708948072,0.0019034634235912673,0.011547012304463422,0.006673918379135779,0.0004537449088075629,0.0026058763746656943,-0.011437248614048823
2017-04-23,0.0006407088477013989,-1.1104761554747711e-10,0.0011269996579377217,-0.002365423312666981,0.0006651815612150891,-0.0005036279636655427,0.0002803288241566282,-9.065414586295617e-05,0.0005908865246200268,0.00894591042292614
2017-04-30,-0.0008230651826517388,-0.0015917403249806616,-0.00037527718904240004,-0.01259096476276389,-9.499895783582346e-05,-0.0007561480955797784,-0.0012138897234411639,4.7235018341140744e-08,-0.0008261439891781297,0.0148769961755999
2017-05-07,-0.002852793571494927,-0.0017448723971816849,-0.0013029000097353194,-0.031133515378619414,-0.0004561557084992174,-0.0022581014008324907,-0.0009361139277940245,8.87727898990498e-06,-0.0008046009390524356,0.006804533121952172
2017-05-14,0.002023521570406972,0.0013538538663671051,0.001128858738914662,-0.0015383448468349048,0.0011409368815056276,0.005320617098989455,0.001406192992209565,0.0001812773294185277,0.0005915980706014956,-0.003003737676259277
2017-05-21,0.005508763425476015,0.005900848323820318,0.001628577138506504,0.021997771541175437,0.0009498874819053871,0.007897343923580324,0.00383874813393148,0.00036298446523175265,0.000710031034244718,-0.0028036487798008825
2017-05-28,-0.0007303390366102391,-0.0003670622336353624,0.0002503960550221951,0.009547733738666908,-0.0001893190977136916,-0.0011670047772358583,0.0010258226334376452,-8.226489933704784e-09,-0.00023635184088643957,0.014267179948888264
2017-06-04,0.005762186169172345,0.005533043777840474,0.0011131399977819534,0.008876719070060712,0.001225403148523263,0.008408018044235188,0.0025400042398249223,0.0002357816386424627,0.0009936887112218518,0.010177538685342435
2017-06-11,-0.0025490152728079307,-0.0026799459541603232,-0.0011254518269375735,-0.008798616018292904,-0.0009498523992297336,-0.0038995850018540557,-0.0017697782294995301,-0.00018139996231436584,-0.0014188401335105683,-0.0031125145905581686
2017-06-18,0.0034684474357573603,0.003664875400657186,0.001252299683383029,-0.009955239919150705,0.00047525017022231886,0.006580707575734257,0.0013062983607246004,0.00036282972515744305,0.0004733958068439126,0.001697700769662136
2017-06-25,0.0010004874573010802,0.001094974719757058,0.00012501249225005395,0.0007541804839483746,0.0004752615048260189,0.0028134160334225555,-0.000838663047568522,0.0002720574566827949,0.0003554039650466301,0.0020195319925688793
2017-07-02,-0.0049068806279167765,-0.005106003273334214,-0.001500876161832032,-0.01180610994530873,-0.00018976897902145407,-0.005528783227103595,-0.004382998244472636,9.041927431541197e-05,-0.0007098869639214911,-0.005470490771842251
2017-07-09,-0.003522581714423101,-0.001853188735589928,-0.0006646672485361993,-0.02321638770829637,-0.00022856885402011695,-0.0039106123407436355,-0.002355810520406454,9.971859728530319e-05,-0.00027244302584528146,0.0012821076328999315
2017-07-16,0.004315761440670807,0.003811351990363754,0.002258821521804233,0.012925033856558521,0.0019975247076944314,0.007100230229762694,0.004891741103407954,0.0005443402819222953,0.001303328897631184,0.01424974886439978
2017-07-23,0.005028587460098599,0.005511034877629939,0.001502486286256488,0.021324018482447693,0.001233469788837649,0.008127764379997515,0.0026213836269679547,-9.080824389129383e-05,0.0008281128717435582,0.005375462065467573
2017-07-30,-0.0020011887279154372,-0.0012175960572193834,0.0002502096347263283,0.01199061118003697,5.901312771783296e-10,-0.003619851872764701,-0.0003735428767488447,0.00027187586418908616,0.00011835239194524227,0.00012154332298597303
2017-08-06,0.001919196562159664,0.0038214059442580606,0.00027514147780949294,-0.00861712563772321,0.00023738504190595755,-0.00043071689898310783,0.0015064148747230277,0.0002449609151624621,-0.00022487295294193466,0.0020249470491384702
2017-08-13,0.001732181415756484,0.002073626795535688,0.001626737559750735,0.026243203264462833,0.00037964139143342734,-0.0020702555041977044,0.0018687905437593244,9.053832245764504e-05,0.001893571800946292,-0.013297797642801812
2017-08-20,0.0007282641342420959,0.00036535733843368057,-0.00012534657486806822,-0.003990535321887978,0.0005693122870078504,0.001327765124645497,0.000653005004642937,0.0004531362708171116,-0.0005906152621512062,-0.005775721091972996
2017-08-27,0.001546340789990941,0.0019470426512291361,0.0006250760709478609,0.003597666953848222,-5.317882800781604e-09,0.004641550673995853,0.0011185614452635662,9.07001700185539e-05,0.0004728485646727787,0.007622157561825382
2017-09-03,0.0007217558998915408,0.0006524126212650305,0.0006612696473939916,0.02704904532298258,0.0010147721694258038,-0.0006704202970522211,0.0012735515899111594,-0.00014488859151662314,0.00014154005817212933,0.013412024743638229
2017-09-10,0.004273966140273089,0.0045004925132092755,0.0019991436430952803,0.015151545287172441,0.0013275636049030481,0.0035590511676633074,0.002608725000266654,0.00036246358036740034,0.0011819654632168053,-0.0050841528170242345
2017-09-17,-0.004799270541292366,-0.004964565730799397,-0.002993447246523062,-0.01906698615728386,-0.0016101821348711853,-0.0018142475880703612,-0.0023233601792821412,9.055941058311312e-05,-0.0016525717440627474,0.015600136622238914
2017-09-24,-0.0012735846854355914,-0.0015820530692137735,-0.0015007582767584404,-0.01824265871094588,-0.000758941237792965,-0.0003309050759271459,-0.0014900958627697136,9.090010574364094e-05,-0.0013015759074170852,0.001003333676657947
2017-10-01,-0.0016398655666005624,-0.0009751541006908226,-0.0001253111767438586,-0.013469621276439692,0.00037975897656461477,0.002066848454428616,-0.0009330393338758958,0.00036231386915375197,0.00011873064812339962,0.00717607477093174
2017-10-08,-0.0007589568990077344,-0.0017360253498471812,-0.0002503448380385409,-0.004030314459352091,-0.0003710463966557498,0.00035546121344243176,-0.000608048216575563,-0.00014509833275366812,-0.00043859439586180216,0.012498422365992523
2017-10-15,0.005307388577642902,0.004899055051251322,0.0011288360137460263,0.022545241935849836,0.0011412449333929597,0.00520870525464634,0.003931508043282017,0.0003626108535803585,0.0005928888259847387,0.002280257484173376
2017-10-22,-0.005097227180481889,-0.004387786474910005,-0.0016294516549124616,-0.017848482904372243,-0.0008549037528307046,-0.004277403945350922,-0.004475252433835508,0.00018133479015136622,-0.0011848869911276205,0.008472290555511908
2017-10-29,-0.0005491655532612327,-0.0007345559487144104,-8.337974755079358e-11,-0.005838327357426953,0.0005705778404763162,-0.0012385299755800494,-0.0006557435905967246,-0.00018129995331861437,0.00023710539578036816,0.0023334956887777203
2017-11-05,0.004013361025301698,0.004206968215258344,-7.562107141168006e-05,-0.002315953692899164,-0.0009706492801723199,0.00448108333876629,0.003977711018664287,0.0002720868461856263,-0.0006168246092154162,0.0028715266099583747
2017-11-12,-0.0042027257957070185,-0.004645244407389559,-0.00100621056210215,0.004228109004246194,-0.0004759143063802762,-0.01023702393458259,-0.0038347625135374264,-8.244639970733658e-09,-0.00047534463751819356,-0.0013931146815445716
2017-11-19,0.0029362016613978525,0.003316206837366442,-0.000251728522876693,0.014282186765604887,-0.001334365711985197,0.0047544577939195865,0.0017834265179592634,9.045939403273806e-05,-0.0007130701206290446,-0.0008911124062838116
2017-11-26,0.002012648792188987,0.002080990663779314,0.00025179263717989286,-0.004395254389387149,0.000572634466034172,0.006060241865176508,0.0008440763995025691,0.0002720246620353528,0.00023776398248687158,0.00969510360939263
2017-12-03,-0.0012632998073617285,-0.0016069284256499117,-0.001120191641388768,-0.005967981207749551,-0.0005529178781475963,-0.0012132630936336763,-0.0012714806387997823,0.0001904090427902183,-0.0004873427200758895,0.015747593447857033
2017-12-10,0.0002750843554744087,0.0007358214840971211,0.0002523194231178749,-0.025577657235843154,-0.0001913847616551445,0.0021538927701127975,0.001221484334827938,0.0002722302715751912,-0.00011886422819296083,0.003970461308341777
2017-12-17,0.0025644554992381163,0.002450050004158877,-0.0003786401988461474,0.005908144661978643,-9.549424508870086e-05,0.00669528149432308,0.00122030360294767,3.462164110956678e-08,-0.00023842407361374107,0.0088969400078589
2017-12-24,-0.0051517382489946195,-0.0054996508783855536,-0.0013880854049354019,0.014767596934407878,0.00014384871934347565,-0.0072676261309123635,-0.00374988098181972,0.0001088603464582949,-0.0007868286092055365,0.003752324628634174
2017-12-31,0.004224963114975777,0.005064508450743244,0.0010885629762016347,0.02240779674097726,0.00038270946361063096,0.00754221949142142,0.0030111173228339894,0.0003630387523667622,0.0007165809848268534,-0.002429916795994691
2018-01-07,-0.0026525015095562043,-0.0038010116788098625,-0.0011379249895046017,0.01358674004405458,-0.0007648185328908985,-0.005511507659500259,-0.0012197320384385035,9.05485320581434e-05,-0.000835080122947085,0.024582307694748895
2018-01-14,-0.0027512371027815785,-0.002830555792806777,-0.00037933035598436415,0.013005642106588944,-9.58438643642312e-05,-0.0004963782392667371,-0.002817745099229274,9.099179089311349e-05,-0.0004771077359539966,0.016458247905624335
2018-01-21,-0.005149955663575234,-0.004442948796689272,-0.00227930939437726,-0.004253315045562811,-0.0012449059411230312,-0.008772538553802334,-0.005275242301135297,0.0002720246620553368,-0.00035864882632241635,0.00895921222497953
2018-01-28,0.001756390440854183,0.0016118257113755252,-0.0001270546201691536,0.013051805947025041,0.00019181323328476552,0.006512670817975907,-9.470057484339822e-05,0.00036262690331234637,-0.0009557809315120513,0.022003400103879578
2018-02-04,-0.0085769527563887,-0.008713054308306156,-0.0019308227800821642,-0.013117887151337437,-0.0006520247696645276,-0.013455473500609383,-0.00724726321585345,0.00018098363928720218,-0.0005264230126743596,-0.03883714088446821
2018-02-11,-0.00410427501107169,-0.004379417253755236,0.0006367921505854302,-0.012817493677583669,-0.00019229723610847405,-0.011719280761917417,-0.0021992658699447887,-8.211775481825612e-09,0.0013173714870537978,-0.05064450202292636
2018-02-18,0.00037468882271962656,0.0010055443014389542,-0.0017816144734082995,0.025567062725772915,-0.0014407411806260928,0.003668546353634339,-0.0002871879612043049,0.00018124109351291828,-0.002033120125634169,0.04439764167477733
2018-02-25,-0.0015916929811785607,-0.0008791232446632158,0.000254925368638137,-0.01422319222527535,-9.633340954284808e-05,-0.0037399927127519383,-3.6543479353667863e-10,0.00018134384450663177,0.0003594713371652958,0.005858490090080215
2018-03-04,0.0006076260198253358,-0.0005658342169124753,-0.0007644795207212285,-0.005945774319152997,-0.0003551143435178705,-0.005386737544250231,9.37298242642548e-05,0.00012731998275672396,0.0005520971460617474,-0.020494212370604226
2018-03-11,-0.0008450173005708495,-0.0006297318362630255,-4.491546023999149e-10,0.0011962800360441062,-0.00028914119147271933,-0.0013764713315898014,-0.0007686819303651671,0.00045332552743326815,-0.0004794656006706921,0.0363832181381567
2018-03-18,0.0031022142883849746,0.002647125406569417,0.00025546966266420945,-0.007487672979044624,-0.00048197010720496536,0.00577148352159651,0.0020191247793499567,0.0001815580930633054,0.00023960768159114743,-0.012808121081833046
2018-03-25,-0.0008435021021180322,-0.00012564979496443307,0.0006384091070037456,0.024157322293771877,0.0003856467438496658,-0.008907228085784924,0.000959541834080202,0.0003627712791893778,0.0010791287092224433,-0.058898815825557005
2018-04-01,0.006003158420953669,0.005156099640676537,0.0011492089765952063,-0.014262202055093431,0.0009643021208354252,0.014431407398298068,0.003163739072410854,0.0005439728431066992,0.0007186430070913463,0.019763742181961197
2018-04-08,-0.0009062887818753751,-0.00012522969553507846,0.0005869621347724951,0.004769841909440409,0.0018428994926174003,0.00014527799262054053,3.819974900043377e-05,0.00011779665794398042,0.0002873273800252374,-0.013034455521452992
2018-04-15,-0.001028762697863228,-0.0011290696774961528,-0.0011485584499938417,0.00838672089109882,-0.0006742014366689641,-0.0009397302080108583,-0.0013408345944365685,0.0002721372450165127,-0.0014372775129198878,0.020906988798215398
2018-04-22,-0.007490897163124344,-0.007660407741279518,-0.002554956749283188,-0.006433894601620582,-0.0016386553268096238,-0.012739250820204995,-0.004508689592525483,0.00018130821742023961,-0.0013193595953956416,0.005506629375294114
2018-04-29,-0.00018850494221134273,-0.00012645906922736927,0.0008964574175953643,-0.008923615383745753,0.001544947304316091,-0.0012993050076810508,0.000482012392651443,0.00036239405276283776,0.00048057548784763426,-0.00018762997618693156
2018-05-06,0.00113435045880661,0.0006076247330446538,0.00016678873641584602,-0.007649395445122553,0.0001350462031914912,-0.0027891890599978097,0.000705142024489902,0.00029948940349022735,-8.366778976409694e-05,-0.0020259003559017774
2018-05-13,-9.079370588693791e-11,0.0006338700563524036,-0.0002567170435230359,0.003693584626962787,9.691801445543824e-05,0.005145476347195199,-0.000482387182422106,0.00027221646961761437,-0.0003604806507601088,0.02567466903821569
2018-05-20,-0.005289912486517445,-0.004941433263876416,-0.0007692074773195667,-0.020719971261621506,-3.710277640678328e-10,-0.008502519469997027,-0.004246880451780566,0.0002722573228377545,0.00012023566751917514,-0.005570741847520488
2018-05-27,0.007787076450816777,0.00751243248431166,0.0034637391276104434,0.00653537614966071,0.0027990662623720297,0.009625479895416733,0.0070761091724258485,0.0005437990001679882,0.002284197810605848,0.003022129843130772
2018-06-03,0.0019668289822980523,0.004160569039419526,-0.0003984919254125252,-0.00584369121744599,-0.00020223794349483182,-0.0009680023535026949,0.0018044169998037152,0.00016281976335008608,0.00043081430866642734,0.005328254058033943
2018-06-10,-0.003111186739507943,-0.002781631409417784,0.0007688960492311381,0.004245278550442322,-0.0009643198260670394,-0.0035679279642475414,-0.0032745997191200304,0.0002722246983468679,0.00011999043460586556,0.016776034482566704
2018-06-17,0.0012293870033504017,0.0006339146855081079,-0.0005119975854714909,-0.013576179525443655,-3.45000660262329e-08,0.001309965717771977,0.0023187888620153085,0.00036268008658613127,-0.0004802879776587554,0.0006628822135017476
2018-06-24,0.0005665708070561326,0.0005069347153252579,0.0006403244434243227,-0.00824130536551948,0.00028964205156634115,-0.005669219897935784,0.0005787093323399439,0.00045326541553580846,0.0008411010869298075,-0.008623998624525009
2018-07-01,0.003587019366479538,0.0029129317001304056,0.0010239649727059597,-0.0140435001572623,0.0007719022548733356,0.004999805638526089,0.003757710852360985,0.0004526811276659437,0.0007201735534132503,-0.012593855240370821
2018-07-08,0.0031010843168641777,0.003935993333618271,0.0006915335993655791,0.001769903133957973,0.0010919053246483124,0.008360697840074316,0.0015584567825752682,0.0002812299325078982,0.00036049547242811286,0.0152609476549872
2018-07-15,0.0008457179037439921,0.0006305266363135775,0.0003834960852200364,-0.010516573440979116,0.00048253280713894675,0.004514691432440321,0.0005763297965211134,0.00027176340285350875,-0.0002405617962217832,0.015140553211651309
2018-07-22,-0.002253239573152932,-0.002645676897978788,0.0001283314880491382,-0.00892783859490165,9.641724673348229e-05,-0.0038893708647016467,-0.001248151259638619,0.00027192464390446425,3.3487568273926627e-10,0.00032189639566193584
2018-07-29,-0.0017876759204715764,-0.0018949901160616456,-0.0010232324084595845,-0.006262833121706279,-9.642011683941298e-05,0.0026899104952171626,-0.0029795133907420945,0.00027185124618744894,-0.0007204272862678662,0.006221408387185434
2018-08-05,0.0013325290130863365,0.0017389148445241531,0.0015896141451767765,-0.007856372987963156,0.001661475897148934,0.0025380070920602016,0.0015543606187382597,0.0005892324113221381,0.0008185939221099225,0.007746477625335091
2018-08-12,0.002453823127157362,0.0027864827701236106,0.0007683298665408511,-0.0020013541220653686,0.0029914143290385997,-0.001298896956136053,0.0031830321293557784,0.00036240660068154185,0.0015641645236132984,-0.001551629268802035
2018-08-19,0.002164742985277135,0.0022732432755991905,0.0011515570178073364,-0.022321084901701038,-0.00038483873171502037,0.005287946860386805,0.0009613931669574249,0.0003628077549597819,0.00036061686797883574,0.006710209404871659
2018-08-26,0.0025362476667274425,0.0018900546168298948,0.0007671645402242966,0.018104044402426744,0.0009625440713367794,0.002328299372510223,0.0022091811997984045,0.0002716163608476041,0.0005999550129949238,0.008594606420167406
2018-09-02,-0.00299825231969042,-0.0023895812292902274,-0.00012779609541191395,-0.00569377678954941,-0.00019214971614944787,-0.0068823798607335895,-0.0013418800272336773,0.00036234922592237595,0.00011999507701188072,0.009738867427268927
2018-09-09,-0.003466112438205493,-0.002932198903976113,-0.0010494357044590341,-0.002466732416989026,-0.0014074583147059005,-0.003840617250887579,-0.003472058224332608,0.000389641650774486,-0.0009494664174714007,-0.009334925047277842
2018-09-16,-0.001322867283823137,-0.001773940791348072,-0.0006401486306071291,-0.0018546913221429984,0.0005791101588741299,0.003925100911502222,-0.001737266291150008,0.00018110000756665912,-0.0007215210640746372,0.011404636548522085
2018-09-23,-0.0019872772080177237,-0.0020317748947433767,-0.00038491101337467803,0.004158566961049104,-0.0009644143676060812,-0.003388152216471041,-0.0029006407119013256,0.00036262529456365655,-0.0004816796393987133,0.0083601465698675
2018-09-30,0.0005686484589113583,0.0012721738829197804,0.0005130352743412114,-0.006432246242905837,0.0009653447535693527,0.0019178898445493253,0.0019392851291093471,0.0004527635787323625,0.0007228676735193673,-0.004349302470056493
2018-10-07,-0.008910444391836969,-0.009513874369426079,-0.002374977627205621,0.009223136657617426,-0.002204814070848715,-0.014296151202397689,-0.009853851182283657,0.0003809286503884124,-0.0007594409980901107,-0.009975344378944206
2018-10-14,0.004025709501050301,0.0033433421459057033,0.001158057405706625,0.012565907132309206,0.0005815553882779767,0.0033645777588726666,0.003330535778685917,0.0003625510813238808,0.0007235625887354047,-0.04124102721792322
2018-10-21,-0.0036276759309525897,-0.0024352419987213603,-5.183009577081066e-10,0.006769032972836708,-0.0007749024610729238,-0.005471067651517281,-0.0024409701774997794,0.0003625454765412428,8.95352680885253e-10,0.0010872843526525955
2018-10-28,0.005078158729812543,0.004368395366733502,0.00334218596941116,0.006551112801569614,0.0027141839296946912,0.002040725281808875,0.005284836991038322,0.0004529678425715389,0.002169882629219355,-0.039529596414755064
2018-11-04,-0.0034054367578025824,-0.006221491949650493,-0.0022563744804808827,-0.001027619075794739,-0.0013917985397106092,-0.007184492387736996,-0.006591952245408872,0.0002355519110051052,-0.0012520639831423708,0.024723990753225955
2018-11-11,0.001057191598862861,0.002322901402089572,0.00012875126103439882,-0.018602645239810256,-0.0003881880335233623,0.0038477695854262084,0.0012773295890824432,0.0003627638918892728,0.0001208104487995243,0.021589727627242095
2018-11-18,0.004993473362137513,0.004119300955895522,0.0032155912628195615,0.009958066632806739,0.001748037763696253,-0.0040114746514230415,0.00814366024218205,0.0005438816772973531,0.0027747532916542195,-0.014508995497766852
2018-11-25,-9.549906411965292e-05,0.00025613403099877807,0.00012791153736668726,0.0012973007796908131,-0.00038773944066949895,-0.0008054037871334518,-0.0008760011600065232,0.0005436392911535304,0.0003606209834878804,-0.038286027089240116
2018-12-02,0.0021977345311732233,0.0015383831720743313,0.0008975235746340182,-0.0019866608936001118,-0.0009699621619649879,-0.0016124018770058424,0.005162843002724404,0.00036234922592237595,0.0012029365137169457,0.04710358650115842
2018-12-09,0.008133049767450329,0.007851310276688395,0.002181083696927155,0.02207023881913739,0.002024751344638309,0.0070472278812840905,0.007598075038192098,0.0004534575513861494,0.001949209308658828,-0.04382370769730215
2018-12-16,0.000758623871626396,0.0017821594685631936,0.0016641796497471883,-0.008722151440607173,0.0013595756903901357,0.007507424948705488,-0.0008677876217466629,0.0004531795362339164,0.000480341492059555,-0.011761554678613173
2018-12-23,0.004173243810730698,0.003811826059209489,0.0030676341143380803,0.014180792926111963,0.0011084895530275585,-0.00043063978843116413,0.0053497748796733635,0.0007347273667974719,0.002390719173092526,-0.0705048813754382
2018-12-30,0.0040647103565421006,0.002639585202325989,0.0018255354663403445,0.01971021051177102,0.003108644593302845,0.0016025949459506084,0.00345897947692575,0.0005442707681460046,0.0023985176112468753,0.029289588020433133
2019-01-06,0.004424933663135677,0.005442427916875436,0.0017838422685418909,0.003138979445580503,0.0013557835944006946,0.005688250979345888,0.004500152099433219,0.0005438895770248919,0.00035897758659841905,0.018728567511797856
2019-01-13,-0.0013121517029511809,-0.0013846098669118012,-2.780760066656285e-10,0.0029644317080435023,0.0019340540657186711,0.0053026136708438365,-0.0011437954081005008,0.0003624995848345858,-0.00011983619681910085,0.02611039451748165
2019-01-20,-0.0018771076057733094,-0.002269035124675578,-0.00038196996051220733,-0.006403992921931723,0.001737506873883632,0.0036923490706586293,-0.0015267561155717368,0.0005431471686510037,-0.0008371641216682324,0.02888256644314313
2019-01-27,0.0031027228967204223,0.003790020549697015,0.0015272456407824375,0.015204131557828626,0.0021199190358598408,0.007707902056313998,0.0007646209049865238,0.00027158522832104737,0.000718290485948403,-0.0025519471156560947
2019-02-03,0.005225442293306459,0.005254370736325731,0.0024607329502421837,0.013348522632135262,0.004882824392830054,0.011231083036033152,0.004959104214606658,0.0006155162785643764,0.0015767889429985082,0.016103495402439938
2019-02-10,0.0034589972521068546,0.0031380004934178363,0.0020319988544550416,-0.0023293253319981444,0.0013429993020781517,0.003103832330436873,0.00219163231560926,0.0004529740014536099,0.0015555054922229417,0.0015182396646391538
2019-02-17,-0.00037249108859660485,0.00012532027155787162,-0.000253384004282764,0.004750052042177932,-4.647968676607661e-10,-0.0011173155882594488,-0.0008555073150059433,0.000452701943598921,-0.0003584697329465092,0.025510973687758787
2019-02-24,0.0009318311998423034,0.0007504211706417241,0.0012676444841255297,0.005608950083620945,0.0021077404867575478,0.0013767821023484839,0.0016179360101067353,0.000362145581700446,0.0009558890847922719,0.006381482882794609
2019-03-03,-0.00468743566483254,-0.0052076047126033975,-0.0010018411605131616,-0.028844643670807968,0.00036060180613173287,-0.0047485883324797085,-0.003569709850682279,0.0004074269166187694,-0.0007890271292576578,0.004585518674613542
2019-03-10,0.0075024794665514705,0.007935434597931001,0.0035550948933040782,0.007876593299626533,0.0028749913660146564,0.008140630451881181,0.0058324167395713555,0.000634467401277039,0.002274409855780979,-0.0212540432822802
2019-03-17,0.002513452890521073,0.00237443561500128,0.0012651287940070866,0.0010583277474323083,0.0032485571301144045,0.0038656386095323736,0.0032317046431904473,0.00045272229465487257,0.0008357236674643165,0.029473047315619283
2019-03-24,0.00854231954088358,0.008976625343718236,0.004170091559978717,0.00813206463782934,0.00438090268316782,0.014461792843643018,0.006253535298481605,0.0005431491080385431,0.0027445789356066452,-0.007322926438682709
2019-03-31,0.004142552724190951,0.0030887629495646163,0.001509900933445385,-0.015810268595342736,0.0017068189378823817,0.004302014199367488,0.0015066293111174467,0.00045232889155211176,0.0010714000891307585,0.011566742085245219
2019-04-07,-0.0038414290897780257,-0.003087054716876536,-0.0013346500736125533,-0.00024587070936354927,-0.0011201002221505885,-0.001280545544863232,-0.0017813425591726162,0.00045304667309942204,-0.0009054127330241357,0.02155893301261802
2019-04-14,-0.0011070534589693315,-0.0017339608803342843,-0.0010083895211895344,-0.0012297224720441147,0.00038021519510178514,0.003964665779722987,-0.0016054884974929795,0.0005433379369332858,-0.0004766798364633784,0.005509973520560152
2019-04-21,-0.0007390692187311254,-0.0001243815688919403,0.00037843979759655255,-0.011983904389455735,-0.0003800706829699685,-0.003696908810398414,-9.45259780743557e-05,0.00027174446308486644,0.0005961340574822671,-0.0004824717464110284
2019-04-28,0.004806395835000643,0.005336461626628042,0.00277524493318948,0.008307718426372457,0.0036109363862415478,0.008939266980113825,0.003121469109547581,0.0006335266241364046,0.0022649842532311837,0.011688853620895001
2019-05-05,-0.0010116709413837688,-0.0009265488951614165,-0.0005436118684873925,-0.0059322816795648325,-3.8591590735936876e-05,-0.0029909035181769905,0.0005876303938685545,0.00034446357592154975,-0.0006440541429879598,0.002113052426726769
2019-05-12,0.0030459472406123567,0.002848681124512975,0.002017745476071253,0.0064649715875393365,0.00019007658507863567,-0.0005886297826988018,0.0019837521117922474,0.00045285540603545726,0.001788171165935326,-0.02016793931666372
2019-05-19,0.003312581707114459,0.0029638913597016536,0.002013482154834101,-0.006423445236221514,0.0018981251104828178,0.0032812152515708792,0.0020744987457879116,0.0005432291647995413,0.0015473857418042414,-0.007844682807349734
2019-05-26,0.003485600010793899,0.003694234997862811,0.0015073263513183388,0.005387498964225745,0.0009473414928131696,0.004025081946310127,0.0022581431011627906,0.0005431289441018006,0.0009509517082015861,-0.010705164512475163
2019-06-02,0.009048329530134902,0.008955841198080572,0.004890745020770915,0.01673535625586431,0.004353597856129987,0.009187270740451448,0.004599939812357734,0.0005428706571455333,0.00391762845143151,-0.026557729791159446
2019-06-09,0.003541030824605551,0.003571207923106945,0.003226084008362884,0.026433101390956226,0.00345814279359713,0.009140079441378068,0.004140714440624027,0.0009148881354981153,0.0021212746972025798,0.044973935661230646
2019-06-16,0.0003619284269329448,0.0007286029341841971,0.0006231626859247719,-0.00023697525142651887,0.0007533183843442259,0.0017275405030658941,-0.001026355251254607,0.000724191124076734,0.00023622142849188954,0.005597216787438297
2019-06-23,0.004974236118257869,0.004490372535539855,0.002615989276067765,0.042825524255571734,0.003951798775275961,0.01535680798142569,0.002521422533245943,0.0004521238880934586,0.0017731875995652402,0.021329993250915447
2019-06-30,0.0020698436471042747,0.003624567653556454,0.0004968798912521333,0.00924383461466749,0.001687100628344318,0.005904395895778514,0.0023289098944276887,0.00027124936794376,0.00047205022081353576,-0.003401492691256558
2019-07-07,-7.232313858518413e-05,-0.0010377741834205478,-0.0014559113738897844,-0.007957941106250255,-0.001294613262028399,-0.001491877009657805,0.0008757275092214911,0.0002625820407951007,-0.0018197080853952219,0.018634847232437357
2019-07-14,-0.0027001267642454696,-0.0030197903150586125,0.0004989282088194713,0.01051914125326503,0.0003755717344495757,-0.00613748077463383,-0.0008376702715171547,0.0003621991128341939,0.0005920100070651024,0.007337724590691375
2019-07-21,0.0034298211390801914,0.0038768737416909893,0.0009959850053256059,0.007039634483944068,0.0018780460154321776,0.005687797038195219,0.00344697012038786,0.0005428663356967789,0.0009466565362961088,-0.011574981342778012
2019-07-28,0.00035974363586999125,0.00012059736865732695,-0.00024860114417968315,-0.0061723942590588,0.00037495024197564675,0.004605277228122873,-0.00037150965132259905,0.00036168640190292756,-0.00035456985824600107,0.0162868924240549
2019-08-04,0.009011253457501756,0.009709043173634857,0.004312907814534528,0.016836276123227467,0.0027048015819710614,0.009097530665376441,0.003564802803423195,0.0007243052170553543,0.003079694632502461,-0.031091549019506948
2019-08-11,0.00616342603067177,0.005869884682548898,0.0023589877516663194,0.03951722067503405,0.002248145004432711,0.0065538248275580635,0.0012986145738709265,0.0006337696848732755,0.0016531555772207884,-0.003417534700503322
2019-08-18,0.009144220204810205,0.010241541051091207,0.003467620304931085,0.010760330887067404,0.002430101179271782,0.015166009917853884,0.0018531152950080898,0.0005426903409724293,0.0031833342564377975,-0.009498680134872761
2019-08-25,0.0009676931829079027,0.00070719255091789,0.0007407084843153999,0.009735252677319117,0.002050969568093697,0.004301886758653506,0.001756995221771085,0.0004520700468715333,-0.00011742228154598688,-0.013848014153744592
2019-09-01,0.00307610645564127,0.002473987820196033,0.000986815026656318,-0.0029132141002986556,0.0007442882026171826,0.0031152810093111327,0.0016619664897312703,6.19757267728005e-09,-2.1104651359848958e-10,0.026680822101747825
2019-09-08,-0.001729895330425002,-0.0012013948347957548,-0.000790165627177819,-0.012730447591165373,0.00026087906687788376,-0.0028104002733565503,-0.00013849912280172738,0.000524983049589256,-0.0005182355689155038,0.01914862911759485
2019-09-15,-0.01689123509650281,-0.017804279272494727,-0.0067951159793462335,-0.01247184605969609,-0.006336066841575727,-0.026621967319515938,-0.004805042187631781,-7.925377243367393e-09,-0.0045941693879090195,0.010199650912304792
2019-09-22,0.010469778084686743,0.01068413568168225,0.003109679703780399,0.01997861671663026,0.004876192629772458,0.019971167631216424,0.003342510902295981,0.00018100819025002046,0.0018934940904364872,-0.004757982340040878
2019-09-29,0.0019483602917644838,0.002137962406949079,0.0012402505600761504,-0.013221401708074954,0.001119671873435646,-0.0008649998712074725,0.0018508853765184519,0.0005428085555310158,0.0014174589409079452,-0.009655303298589657
2019-10-06,0.008282316701436532,0.00893108550790922,0.0065135383578955874,0.005954887172449519,0.005680327593906798,0.012190829104639533,0.0035361310295050075,0.001394684654793421,0.004665906654943708,-0.0035544601413788346
2019-10-13,-0.009576623508551929,-0.010007241846341275,-0.00406867267516875,-0.013178261458543505,-0.0040884063175438135,-0.013175272277102357,-0.003506192688003562,-4.42240655207371e-08,-0.0031750763665044923,0.0065567018213941175
2019-10-20,0.0006208088157992897,0.000594611007528334,0.0008667137988791485,0.003070826647871394,0.001492822374453917,0.004424137980040488,0.0001852157402317811,0.0007235085041963352,0.0007078707955185948,0.005704091458132776
2019-10-27,-0.0015956771968097527,-0.001663772178204237,-0.0011132420178238123,0.00996720507519644,0.00018621428430476428,0.00047201439070598816,-0.0001851822258952529,0.0001808428444356469,-0.0008252188898958401,0.01218243997088786
2019-11-03,0.004981949357919291,0.005176605985991456,0.002265410424673764,0.0049344206968851,0.0014332142814290627,0.004994682914440052,0.003508924403796243,0.0005058422039001531,0.0016507047596365787,0.015053157976697484
2019-11-10,-0.009917710450608408,-0.01020794073606579,-0.0035895575611775143,-0.03626542038721203,-0.0022377929918404593,-0.013961868911740005,-0.0028670900563241286,0.00018099461755216595,-0.001887593163447998,0.009146169876805832
2019-11-17,0.005366334409072415,0.005516225225988158,0.001863313195818117,0.00596846475990942,0.0020560379560747855,0.009068509399693614,0.0024117225620505778,0.0003616181495227355,0.0014184416587228466,0.009225068219377963
2019-11-24,0.004092155255442265,0.004174071551300562,0.0006198207815131251,-0.0034006306164235944,0.000932605171051426,0.004887590102339523,0.00027752641947786927,9.039184517289911e-05,0.0002357988994075022,-0.002662126039333357
2019-12-01,-8.855899568560588e-05,0.0010692183256428844,0.0006196298285701118,0.0008711708662432205,0.0005590128692651852,0.003922658024624548,0.00037007565549296295,9.059180900794495e-05,0.0003541606892347726,0.010773071610853835
2019-12-08,-0.0008347466205490539,-0.0016645550479430504,-0.0004094771381372153,-0.0017409371029539766,0.00028002362684032,0.0003603522146824467,0.00028713418370696075,0.0006248136734512411,-0.00018887419254620674,0.0017817258498153965
2019-12-15,0.0025773541216962403,0.002619957584103494,0.0008687504830697801,0.010390990060772154,0.0013068884553810722,0.005639578368234588,0.00185322497408702,0.00036188734774400544,0.0005907189778211475,0.007780962609717834
2019-12-22,-0.0026483802524456257,-0.0029693896153727417,-0.0008679961791485669,0.0033800678773594495,0.00026304479049654717,-0.0030672010404368955,-0.0005910587221645835,0.0002716600115111323,-3.500583946336455e-05,0.01571569757858282
2019-12-29,0.0027600046015057167,0.0027102753906067534,0.001865371210744815,0.020140464928445567,0.002429039301923064,0.004700142033575494,0.0013887113028201448,0.000181015630439596,0.0009463939141449718,0.006641010247821377
2020-01-05,0.0033738073415525704,0.0034531258525314357,0.002109912757284116,0.02480150873760012,0.0014910142984381203,0.0031966371462486265,0.0012022134114852978,0.0004529736538967377,0.0015362409741754846,-0.0013936700805891045
2020-01-12,-0.0002654984766016222,-0.0007120615353576332,-0.0002475888135423654,0.007198704587229265,0.00037249008578266185,0.00023310635688700287,0.0010158407345941534,9.048138269363015e-05,-0.00047197851354208176,0.010235313565121862
2020-01-19,0.0006196812127639006,0.001662504979247803,0.00024765087720690637,-0.0022462852114978338,0.0007439744535804316,0.002253375778195954,0.0003690394783979478,0.00045246850765434665,0.000826581375801938,0.019158353275577245
2020-01-26,0.006545771093112052,0.006639170136824024,0.002972514979917351,0.009551057323812895,0.002416773897179869,0.008372691105829055,0.001936861042761917,0.00036191592105794257,0.0011797116159948384,-0.00957994601408263
2020-02-02,0.007557753572402959,0.007184001658507189,0.004322080583146093,0.009122873871109771,0.003523753734390178,0.007842035929568558,0.0020250348583832345,0.00045198052034534086,0.002945394068135432,-0.02141308314591117
2020-02-09,-0.0016345327170007584,-0.0016054163527733367,-0.0011947948795348884,-0.01031278663541102,-0.00016688089397953743,-0.0004818155668473434,0.0014362438454660342,9.968745627064735e-05,-0.0012355190428829932,0.03254277083375734
2020-02-16,0.0006128171776538238,0.0007041590845262569,0.00012313778255301777,0.008187338999814164,0.0005560275179086194,0.0022188878555706726,0.0006437015782478905,0.00027151219742260757,0.000235862072136106,0.016255331346102242
2020-02-23,0.005337355373353336,0.006333705301956316,0.0019731481090141667,0.03825501277859833,0.0016666484528062853,0.005878747975752274,0.0019297197339473993,0.0004524096955531576,0.0015311038030099144,-0.012203773050876165
2020-03-01,0.011488144380351173,0.011188668462630114,0.008615391424965146,-0.04085321466643688,0.005546347594538981,0.003263549881243444,0.004218562992899022,0.0013567765108961627,0.008232612395171035,-0.11161095433843005
2020-03-08,0.016201023393768388,0.015857029331762584,0.008519614819191279,0.061800767193306294,0.003685896364701735,0.018501146498269838,0.007092848287093556,0.0028038100575877856,0.006950211141751428,0.004050522551420244
2020-03-15,-0.05090793246690162,-0.04820377604123549,-0.012725851178607028,-0.09057444537696835,-0.04921033533589936,-0.08356295523887569,-0.01308625216392556,2.323035097617776e-10,0.0009282663044283268,-0.09460102277110738
2020-03-22,-0.016359756246210555,-0.018514162664144074,-0.015099411307888277,-0.022124498176980922,-0.06991128395249391,-0.13254772060033948,-0.006721794394869418,0.0014432097540382216,0.002434139771312349,-0.1454573502311497
2020-03-29,0.050349947294278996,0.04734086633843915,0.019568839235877933,0.08664620033866033,0.0774501894739148,0.14699267650100478,0.020580164063314754,0.00018016910317242285,0.0018497734485376505,0.10760483438520962
2020-04-05,-0.002953120632726569,0.00106663750456093,0.0015224315367505792,0.002627217651345548,0.004807353913703238,-0.008374485317377611,0.0020050688032644537,-0.0003243169739599594,0.000877871417626297,-0.020637597287582743
2020-04-12,0.019742443367103846,0.01768249113621967,0.00966000700736025,0.03956769569480589,0.03460881054025822,0.08860452118859241,0.0034520859522353398,0.00018036698839685172,4.498239558614614e-10,0.12091534621278899
2020-04-19,-2.933879805766537e-10,0.0009145909595567048,0.0016956572640989265,-0.0007561607493880018,-0.0016724935751246672,-0.009633672383221104,-0.003259069686476823,9.019361657425229e-05,0.0003464649064548464,0.030337853058417963
2020-04-26,0.00093816952488468,0.00011404176495610763,-0.0015716462752584093,0.02566684642844197,-0.0031646167608121445,-0.005055177711369652,0.0031788580801288546,9.019947238741999e-05,-0.0002309546249350536,-0.012803440982971037
2020-05-03,-0.0021641887007755045,-0.0010970561500608378,0.0014048749460793264,-0.017584852431508757,0.00130508419731723,-0.009555505358781358,0.0054133555480131434,-8.116376123623592e-05,0.0004835414450583553,-0.0006362016277879912
2020-05-10,-0.003508205681472143,-0.0040091794901897515,0.0008477539125981703,0.004005503818258482,0.0011216340800761504,-0.013090227626333495,0.003518873337813755,-9.024540927993208e-05,0.0006930448663817756,0.034124307065406034
2020-05-17,0.004894437725982526,0.004600528128363646,0.0015733860703779357,0.021880029776287113,0.004480861269694936,0.014922011995524675,-0.0012586667390434014,9.019954054045876e-05,0.00023073773229920214,-0.021064083094953223
2020-05-24,0.0035033427004247386,0.0034344834934514346,0.0009667612573127649,-0.004392034202389983,0.005018454409116968,0.01672488097023095,0.00017996638407091758,-8.13603995286627e-09,-0.0004615441082072014,0.03199665006040764
2020-05-31,0.0017882227093839465,0.003080393650736868,0.0020521254802181588,-0.0018381417853454707,0.005548551500325738,0.010099433024679083,-0.0001798797876108038,-0.00027076784588198066,0.00023096746735329354,0.030056847134652287
2020-06-07,-0.004564140600243238,-0.0047976872283777006,-0.0015444854407744568,-0.030078012766579287,0.003113962359618583,0.0042673059644633415,0.00045970899183656044,-8.130979764853219e-05,-0.001039555802001324,0.049355769814805495
2020-06-14,0.005816904383225907,0.005152818744936116,0.0012083998714884636,0.029175373531125315,-0.0005510198285774148,0.0006047053162760996,0.0015326334993199797,0.00018069200000003782,0.000578240240881378,-0.047378890447698496
2020-06-21,0.0018710148294991402,0.0025062801994222283,0.0018105975373918781,0.008670543546245746,0.0036757558473117236,0.01246825730617851,-0.0023402590538779133,-9.037631359798404e-05,0.00011533361142390675,0.019027037227351995
2020-06-28,0.0017826685876392023,0.0021590803202931053,0.0007228000571031235,0.015302045397493025,0.0014650019264281777,-0.0036571834077296916,-0.0009022924725793358,9.03918271011328e-05,0.00046207769478279204,-0.027831787768257232
2020-07-05,0.003418263740244454,0.003541094710178605,0.0017110536265254606,0.002642022282329126,0.0034803169459753924,0.01394751116818993,0.0014391125652875036,-9.03996378872618e-05,0.00024256398163702286,0.040593164949975113
2020-07-12,0.002538149617448582,0.0022640337359802754,-0.00048134559015267087,0.013235159214569636,-0.0009129542656272083,0.006071741332788871,-0.0009034246263985857,9.03918271011328e-05,-0.00023100783065066466,0.017166863060593007
2020-07-19,0.003291489384007029,0.0035012989352705137,0.001083711153110789,0.005496735559186394,0.0025585461489792127,0.010672159438957829,0.0007234682751156019,-8.154089847778323e-09,0.000462300764024981,0.013004173738949465
2020-07-26,0.0033647456913814544,0.0036015220535856596,0.00012033323294868836,0.050434999560587945,0.000729037797976062,0.005825620735077974,-0.001174541093921344,-8.154089847778323e-09,-7.709209937090122e-10,-0.0026109657484217896
2020-08-02,0.0023473780810832068,0.003252232066218941,0.0019245491584838348,0.037660861452562866,0.002732232030786541,0.001665412328202942,0.0024422727923092413,9.029184517395095e-05,0.0005774756351608623,0.017576629561482093
2020-08-09,0.0006450634605335015,0.000884631744874742,-0.00036072586707192045,0.02901367189749271,0.0010553841287141985,0.005106470341650571,0.0009040205800450174,-3.620489968014784e-05,-0.00023108685382533523,0.024654068655682204
2020-08-16,-0.010298807247610453,-0.01152378248055208,-0.0012026081019566037,-0.0433415665928949,-0.0023629321247433666,-0.024142294316242374,-0.0009935407636880722,-8.154089847778323e-09,-0.0006931551294766525,0.006784725684587434
2020-08-23,0.00406079739314702,0.004753831122771723,0.0008428571269389895,-0.0027938776412874677,0.002186150205852444,0.007680529424924254,0.0005424614614772949,-8.172160059771727e-09,0.00011569568084168758,0.007837560261501952
2020-08-30,-0.0048027540087602905,-0.006421052107402625,0.00012017504756323127,0.01296489949708679,0.00036361047756439113,-0.010626826603567285,0.00045180523489896096,9.039184517289911e-05,0.00023118648588060786,0.032697073775473484
2020-09-06,0.0015652961182284209,0.002073401578313483,-0.0001690393360883613,-0.014914040459358957,0.0005443406960019548,0.0018089886321017712,-7.186632307865093e-05,-0.00014470326225768382,-0.00024306948365382386,-0.022847890870458687
2020-09-13,0.002286195266520741,0.0020400712107426777,0.0007228430241348338,0.004459317041957123,-8.068047341325268e-10,0.00311244927840737,-0.00045226067580983464,0.0,0.0003469593431995044,-0.024841640979630153
2020-09-20,-0.001267239200608783,-0.0007919695088803858,-0.00024065054036670475,0.004110715360777117,-8.884931679276065e-10,0.0026593228954017167,-0.0016294751445489197,0.0,-4.1075787216016124e-10,-0.006245627305966228
2020-09-27,-0.0007612819047021491,-0.0013582376345540048,-0.0009635718274993987,-0.04508730635074509,-0.0021830499498722844,-0.011125012924187883,0.00036270198657528674,0.0,0.00011555394016071752,-0.005806696250341914
2020-10-04,-0.00023634020071106043,0.00034054677954786783,0.0008314781504772384,0.02057843100962553,0.002189865442514316,0.006592648798312117,0.001097588577883668,2.717521790951416e-05,-1.5282340948274964e-09,0.015544695339599235
2020-10-11,-0.0015266952787446053,-0.001816008236139366,-0.00024111044974495233,0.014226551526388187,0.000911109499062368,0.0008900487067191598,-0.0005443190265324027,-8.154089847778323e-09,-0.000462692814528598,0.03897074884791807
2020-10-18,0.0014439927934017938,0.001478261121149016,0.0006029673969356608,-0.015352325244936127,0.0005464214388282151,0.003038713001676463,0.0002724131303208921,3.752035881987581e-08,0.00023145386973166815,0.0012685850192351023
2020-10-25,-0.00356267633306806,-0.004201236272378783,-0.000602602590194512,0.0019068779148938564,-0.0001821110984399077,-0.005319946851273349,-0.00027233865297726645,-9.0400000000046e-05,-0.0003470553760775985,-0.004347980418937691
2020-11-01,-0.0022984572052924257,-0.0013681946490073926,-0.0008445057252315369,-0.013658768369235963,-0.0009100899260691131,-0.006611159854536641,0.0008168200121212443,0.00018070816311999138,0.00023156965612303182,-0.05564228832752671
2020-11-08,0.006768770039257799,0.00675956958619417,0.001051658827112778,0.03967085995105757,0.0026833931754177698,0.020554945119567236,-8.179036320332678e-05,-0.00011738344478617879,-0.00012754704329542843,0.07233417252457697
2020-11-15,-0.0013580889187281286,-0.0022721962763543324,-0.00036227845372227563,-0.03291663564524616,1.1881198247465363e-09,-0.0031573825430675218,0.00018177696320709202,-8.172160059771727e-09,-0.0005787730172103212,0.02267529688605885
2020-11-22,0.005525270346397271,0.00637672570734904,0.0007247286897322791,-0.008297589066622257,0.0014563253873220994,0.013332355104985982,0.0005447872710728774,0.0,0.0004633572761021387,-0.007735261764842405
2020-11-29,-0.00025359500213062436,-0.00011312515077355201,0.000603734468868744,-0.044965616936600616,0.001454416663633884,0.003125598717097944,2.401148169184353e-10,9.039999999993498e-05,0.00023157140477025884,0.02347121360912663
2020-12-06,-0.0039328209507657474,-0.004048515337276237,0.00014462318917685124,0.026998117582886838,0.00047094576443695857,-0.0052637670029704875,-0.0005542195936983907,-7.212998034067386e-05,3.4665332008909644e-05,0.016993368310642243
2020-12-13,0.0037418359091261344,0.0036416888896984023,0.0012077674872525979,0.0009865267468871508,0.0007272734984324902,0.002043746138006286,0.0002729296260746139,-1.6362410093506696e-08,0.0006947065616396131,-0.009598514972658512
2020-12-20,-0.0009749727407689646,-0.0010205001688340376,0.00012060254757484401,0.02289985977460174,0.0015257124670975397,0.001167006763149958,0.0011823860798594321,-8.172160059771727e-09,-0.00020825196224460996,0.01215858153922178
2020-12-27,0.0016979120757303345,0.0022833720562431825,0.0006278739735694483,-0.0005100682322551897,0.0009083876138586966,0.004447461836135647,-9.085329743951931e-05,-8.172160059771727e-09,3.8598746421314445e-10,-0.0004875489856869253
2021-01-03,0.0016950993350299814,0.0020453007276888258,0.0004827907138322818,0.011397757803866426,0.0014521141169894225,0.0026130937734687443,0.0006360863192096389,9.049182710030301e-05,0.00011569857745419299,0.013224945145908773
2021-01-10,-0.009391622788217147,-0.010432124290020162,-0.0021712349103886197,-0.02814534751110287,-0.0016312158153952705,-0.01715783240690416,-0.0003632466783055621,-9.050818950884221e-05,-0.00034732049523744646,0.01973896640095707
2021-01-17,0.0014519910023300664,0.0009167507527463314,0.00048360846201589425,-0.012749460930898016,-0.00018157249577999135,0.002799045992542437,0.0007267671674042742,-9.0400000000046e-05,1.188588782952138e-09,-0.014583217209992783
2021-01-24,2.116413733155298e-08,0.00034344467893987485,0.00036243748148834243,0.016186461536954244,0.0010895674684465728,-0.0032320191074648452,0.0001814882739796797,0.0,0.0003474426155749555,0.019110973434531164
2021-01-31,0.0005117217821273279,0.0005721826926166074,0.0007247064441446849,-0.007418018619365974,-0.00018147780503585675,-0.000736881071656259,0.0009074151994294954,9.03918271011328e-05,0.00023163539294790425,-0.03345695059580678
2021-02-07,-0.003483647762116071,-0.003791939351755813,-0.000169293934247583,-0.016221557829747213,0.0011994715957674984,-0.004012362100843769,0.0007447752640907801,9.05244512188208e-05,0.0001156571730112077,0.04766661399413974
2021-02-14,-0.0011138526777899616,-0.0013799420617807145,0.00012091782992529332,0.005182290387189203,-0.0001814327844766872,-0.0008160499952619693,-0.0016336493910855676,-9.050818950884221e-05,-0.00011564426118582105,0.012715749745215499
2021-02-21,-0.00634760402765655,-0.006678891577638235,-0.0010875714914915235,-0.021559609856235395,-0.0009078799720071418,-0.011211749109283464,-0.0023636704343996673,0.0,1.097026469665252e-09,-0.006647351224796538
2021-02-28,-0.004316361741935837,-0.0037097059643973473,-0.002782498059300753,-0.031135843302504518,-0.002907467638448069,-0.006758228502401931,-0.005376300849114224,-8.172160059771727e-09,-0.0005789996672805886,-0.024792999266379123
2021-03-07,-0.007555319807001082,-0.008285722944438967,-0.0011658207657111452,-0.0165008229503526,-0.0018801570920788935,-0.01697723824248032,0.0006975095321439806,-9.040817142136337e-05,-0.00044031800798649545,0.008597169880794509
2021-03-14,-0.004287668149858703,-0.00528786023778316,-0.0008510607211327237,0.014766910644997466,-0.0016459423884750413,-0.008091768320227843,-0.002843210052035583,-8.172160059771727e-09,-0.00011595298744571103,0.027187635313958403
2021-03-21,0.0010545980000000732,0.001181316999999904,0.00024332699999995988,0.004396504000000023,0.0005495289999999375,0.003418437999999968,-9.199999999998099e-05,0.0,0.00011596699999993909,0.005963573999999916
